time,voltage,current,percentage
0.00023603439331054688,4.072,0.0,90.84747
0.9431347846984863,4.072,0.0,90.84747
1.6878790855407715,0.0,0.0,0.0
3.275975465774536,4.072,0.0,90.84747
4.249947547912598,4.076,0.0,91.18646
5.040004730224609,4.072,0.0,90.84747
9.291930913925171,0.0,0.0,0.0
11.800626039505005,4.076,0.0,91.18646
13.720225095748901,4.072,0.0,90.84747
14.487393140792847,4.072,0.0,90.84747
