time,accel_x,accel_y,accel_z,gyro_x,gyro_y,gyro_z,mag_x,mag_y,mag_z
0.00023603439331054688,1.756332,9.455238,2.471786,0.03695735,0.05451972,-0.09972375,-32.9582,-2.981584,-41.30371
0.9431347846984863,1.62353,9.534202,2.313859,-0.08506299,0.03955352,0.2176208,-34.3613,-1.19848,-39.63753
1.6878790855407715,3.800998,8.953942,3.54377,-0.1374447,-0.7637343,0.7026477,-36.1444,0.2484653,-39.65215
3.275975465774536,1.751546,8.758926,2.48375,0.3521638,-1.092838,1.631163,-66.19409,8.871675,-27.93043
4.249947547912598,0.9738788,9.320044,2.660819,0.2008219,0.5868888,1.023352,-46.09763,-37.59135,-52.79158
5.040004730224609,2.675175,12.98944,2.468196,0.7409796,-1.312597,1.350165,-63.81175,-20.65186,-40.5437
9.291930913925171,0.0,0.0,0.0,0.0,0.0,0.0,0.0,0.0,0.0
11.800626039505005,2.51366,9.407382,0.7286145,-0.01603521,0.2768747,-0.1437061,-33.90821,-0.59924,-35.57439
13.720225095748901,1.275374,9.35474,2.807977,-0.1409571,-0.142637,-0.3718642,-32.73896,-1.856182,-37.0798
14.487393140792847,0.4019942,9.74836,1.883151,0.03420845,-0.01114829,-0.08155051,-32.24203,-1.943876,-37.48904
