time,voltage,current,percentage
0.00024437904357910156,4.068,0.0,90.5085
1.5729389190673828,4.068,0.0,90.5085
2.5205023288726807,4.068,0.0,90.5085
3.455482006072998,4.068,0.0,90.5085
4.197756290435791,4.068,0.0,90.5085
6.193363666534424,0.0,0.0,0.0
9.205837726593018,0.0,0.0,0.0
13.996963500976562,4.068,0.0,90.5085
14.697790384292603,4.068,0.0,90.5085
