time,accel_x,accel_y,accel_z,gyro_x,gyro_y,gyro_z,mag_x,mag_y,mag_z
0.00024437904357910156,0.0,0.0,0.0,0.0,0.0,0.0,0.0,0.0,0.0
1.5729389190673828,4.780859,9.529415,3.142973,0.05910121,-0.7305948,0.7788532,-37.25519,-4.735457,-37.89827
2.5205023288726807,0.3625126,9.718449,2.14038,-0.1618793,-0.1511891,0.8746063,-49.22537,2.046185,-38.11751
3.455482006072998,0.727418,9.751948,2.081756,0.1227839,-1.620015,1.622305,-59.16399,10.62555,-27.82812
4.197756290435791,0.0,0.0,0.0,0.0,0.0,0.0,0.0,0.0,0.0
6.193363666534424,0.0,0.0,0.0,0.0,0.0,0.0,0.0,0.0,0.0
9.205837726593018,2.720639,11.70808,2.191825,0.6545421,-1.167669,1.589624,-41.0114,-32.70973,-66.12102
13.996963500976562,-0.8769694,10.25085,2.480161,-0.02092213,0.485027,0.05589417,-29.07045,-6.197019,-33.2359
14.697790384292603,-0.4438686,9.939785,2.384448,0.2180789,0.1750129,-0.2133447,-32.89974,-5.919322,-36.62672
