time,accel_x,accel_y,accel_z,gyro_x,gyro_y,gyro_z,mag_x,mag_y,mag_z
0.00024437904357910156,-9.23683,2.243367,2.193089,-0.02824502,0.01358959,-0.01678714,28.65,-8.700001,0.15
1.5729389190673828,-9.215282,3.078943,2.135628,0.127902,-0.2792527,-0.2464778,26.7,-8.25,-1.65
2.5205023288726807,-12.35887,5.726931,4.280833,-1.355761,0.07647473,-3.930055,42.45,-9.0,-6.0
3.455482006072998,-9.600749,4.129998,2.801216,0.5585053,-0.0298438,0.8569433,13.5,8.85,-2.1
4.197756290435791,-12.17452,5.691018,-0.05985504,0.003730475,-0.3050995,-2.269994,64.5,-5.7,6.15
6.193363666534424,-9.457097,0.8475474,2.027889,-0.1406922,-0.07514242,0.4143491,47.25,18.45,20.85
9.205837726593018,0.0,0.0,0.0,0.0,0.0,0.0,0.0,0.0,0.0
13.996963500976562,-9.069236,2.128445,2.449268,0.6488361,-0.1393599,-0.383173,30.3,-15.0,-8.400001
14.697790384292603,-10.12987,-0.8714894,2.461239,-0.461513,0.1199081,0.05702298,30.75,-11.85,-5.4
