time,voltage,current,percentage
0.00028061866760253906,4.104,0,93.55933
0.9502427577972412,4.104,0,93.55933
1.7183723449707031,4.104,0,93.55933
2.741997718811035,4.104,0,93.55933
3.5107626914978027,4.104,0,93.55933
4.281787872314453,4.1,0,93.22038
5.0479230880737305,4.104,0,93.55933
6.069854736328125,4.104,0,93.55933
7.093533039093018,4.104,0,93.55933
7.952729940414429,4.104,0,93.55933
9.149040460586548,4.1,0,93.22038
10.701462984085083,4.1,0,93.22038
