time,voltage,current,percentage
0.0002574920654296875,4.096,0.0,92.88138
1.5799436569213867,4.096,0.0,92.88138
3.1112818717956543,4.1,0.0,93.22038
3.879240036010742,4.096,0.0,92.88138
4.647608757019043,4.1,0.0,93.22038
5.4171576499938965,4.096,0.0,92.88138
6.963700532913208,4.096,0.0,92.88138
8.046100854873657,4.096,0.0,92.88138
8.99836802482605,0.0,0.0,0.0
