time,accel_x,accel_y,accel_z,gyro_x,gyro_y,gyro_z,mag_x,mag_y,mag_z
0.0002574920654296875,0.0,0.0,0.0,0.0,0.0,0.0,0.0,0.0,0.0
1.5799436569213867,-9.344569,-4.414908,-0.926556,0.3240184,-0.788196,-1.348567,35.25,-57.15,19.5
3.1112818717956543,-10.38365,-0.9289502,0.04070143,0.4012925,0.8468178,2.281985,55.5,-33.9,20.1
3.879240036010742,-9.210494,-2.281674,-0.1484405,-0.9888423,-1.205743,-0.3682512,29.7,-61.2,1.95
4.647608757019043,-11.31979,-1.496376,1.735796,-2.092263,-0.6525666,-1.577191,54.9,-27.6,-4.2
5.4171576499938965,-9.720459,-3.61285,-0.1508347,1.855645,0.2760551,2.444527,58.2,-21.45,7.5
6.963700532913208,-8.295909,-0.8092402,1.103727,-0.3349433,0.4492558,0.5649004,48.3,4.95,-3.9
8.046100854873657,-8.3821,-1.362301,1.508347,-1.124205,0.5529097,1.093562,50.55,4.5,3.9
8.99836802482605,-4.848258,-5.075707,0.521936,-1.942245,-1.486061,-1.635014,30.9,-60.45,20.7
