time,accel_x,accel_y,accel_z,gyro_x,gyro_y,gyro_z,mag_x,mag_y,mag_z
0.0002574920654296875,-6.162714,5.227121,0.4307081,0.733191,0.2761111,1.701565,9.178602,-27.75504,-64.13329
1.5799436569213867,0.0,0.0,0.0,0.0,0.0,0.0,0.0,0.0,0.0
3.1112818717956543,1.160519,11.85165,0.3002992,-0.507629,0.4683809,-1.015258,-9.441684,-38.13213,-54.82315
3.879240036010742,-9.103494,11.41496,2.885744,1.185537,-2.682615,2.005929,14.42561,-25.00731,-55.83163
4.647608757019043,-3.580859,8.445467,2.273181,-0.2484694,4.727639,-2.218663,-7.176264,-30.35662,-21.54341
5.4171576499938965,0.0,0.0,0.0,0.0,0.0,0.0,0.0,0.0,0.0
6.963700532913208,-4.17069,9.69811,1.130609,-0.6194174,2.180789,-1.727527,-19.19029,-38.80444,-42.01988
8.046100854873657,-0.4677968,9.284152,2.539981,-0.3068071,2.764929,-0.8265007,-45.03069,-31.80357,-53.85852
8.99836802482605,0.0,0.0,0.0,0.0,0.0,0.0,0.0,0.0,0.0
