time,voltage,current,percentage
0.0002529621124267578,4.1,0,93.22038
0.8541746139526367,4.1,0,93.22038
1.7064826488494873,4.1,0,93.22038
3.4133460521698,4.1,0,93.22038
4.22235107421875,4.1,0,93.22038
4.984516382217407,4.1,0,93.22038
5.718621492385864,4.096,0,92.88138
6.486638307571411,4.1,0,93.22038
7.591641187667847,4.1,0,93.22038
8.533653259277344,4.1,0,93.22038
9.305232524871826,4.1,0,93.22038
10.070339918136597,4.096,0,92.88138
